{"minzoom":0,"maxzoom":8,"center":[-14.765625,11.866483,8.0],"bounds":[-16.717535,10.85997,-13.636522,12.680789]}