{"minzoom":0,"maxzoom":9,"center":[-15.117187,11.522876,9.0],"bounds":[-16.717535,10.85997,-13.636522,12.680789]}